[{"id":"user-image-8066424.png","publicUrl":"np://user.desktop.nicepage.com/Site_81612516/images/8066424.png","size":2789,"hash":"TuyL4PsNoTty7m/BkdT3G+8vCi0=","fileName":"8066424.png","name":"8066424","width":128,"height":128,"thumbnail":{"url":"np://user.desktop.nicepage.com/Site_81612516/images/thumbnails/8066424.png","width":128,"height":128,"length":2789,"type":"png"},"folderId":null,"originalUrl":"//images01.nicepagecdn.com/c461c07a441a5d220e8feb1a/73e1c047a8945fe5a79563d6/8066424.png","usages":["339906903"]},{"id":"user-image-2838912.png","publicUrl":"np://user.desktop.nicepage.com/Site_81612516/images/2838912.png","size":3309,"hash":"h7/HH/0ZvnQq2pA81c0JVoTZC3o=","fileName":"2838912.png","name":"2838912","width":128,"height":128,"thumbnail":{"url":"np://user.desktop.nicepage.com/Site_81612516/images/thumbnails/2838912.png","width":128,"height":128,"length":3309,"type":"png"},"folderId":null,"originalUrl":"//images01.nicepagecdn.com/c461c07a441a5d220e8feb1a/2a887ebcd4e254be83f2068a/2838912.png","usages":["339906903"]},{"id":"user-image-171561.png","publicUrl":"np://user.desktop.nicepage.com/Site_81612516/images/171561.png","size":3368,"hash":"xmIVbUjlioasMzGUyfiocQLhC9Q=","fileName":"171561.png","name":"171561","width":128,"height":128,"thumbnail":{"url":"np://user.desktop.nicepage.com/Site_81612516/images/thumbnails/171561.png","width":128,"height":128,"length":3368,"type":"png"},"folderId":null,"originalUrl":"//images01.nicepagecdn.com/c461c07a441a5d220e8feb1a/d5a671f863195090b9318c37/171561.png","usages":["339906903"]},{"id":"user-image-646094.png","publicUrl":"np://user.desktop.nicepage.com/Site_81612516/images/646094.png","size":2920,"hash":"D4R2eI+UniH8DFN5GIjVyvdbvvY=","fileName":"646094.png","name":"646094","width":128,"height":128,"thumbnail":{"url":"np://user.desktop.nicepage.com/Site_81612516/images/thumbnails/646094.png","width":128,"height":128,"length":2920,"type":"png"},"folderId":null,"originalUrl":"//images01.nicepagecdn.com/c461c07a441a5d220e8feb1a/0f93b8c989d653229f7e203c/646094.png","usages":["339906903"]},{"id":"user-image-2282272.png","publicUrl":"np://user.desktop.nicepage.com/Site_81612516/images/2282272.png","size":2175,"hash":"OYmtC4+NZbtjYlKBpI97zjDdPdc=","fileName":"2282272.png","name":"2282272","width":128,"height":128,"thumbnail":{"url":"np://user.desktop.nicepage.com/Site_81612516/images/thumbnails/2282272.png","width":128,"height":128,"length":2175,"type":"png"},"folderId":null,"originalUrl":"//images01.nicepagecdn.com/c461c07a441a5d220e8feb1a/368e71a776c0552096f5af3f/2282272.png","usages":["339906903"]},{"id":"user-image-3144456.png","publicUrl":"np://user.desktop.nicepage.com/Site_81612516/images/3144456.png","size":2845,"hash":"oBo3bR8dIhB3XaDvKKROSGmdZs0=","fileName":"3144456.png","name":"3144456","width":128,"height":128,"thumbnail":{"url":"np://user.desktop.nicepage.com/Site_81612516/images/thumbnails/3144456.png","width":128,"height":128,"length":2845,"type":"png"},"folderId":null,"originalUrl":"//images01.nicepagecdn.com/c461c07a441a5d220e8feb1a/c54a15443c4d5bf8b8eae3a6/3144456.png","usages":["339906903"]},{"id":"user-image-126122.png","publicUrl":"np://user.desktop.nicepage.com/Site_81612516/images/126122.png","size":2703,"hash":"/xwxbchCxLJ5yJhtiNzPK4yOCS4=","fileName":"126122.png","name":"126122","width":128,"height":128,"thumbnail":{"url":"np://user.desktop.nicepage.com/Site_81612516/images/thumbnails/126122.png","width":128,"height":128,"length":2703,"type":"png"},"folderId":null,"originalUrl":"//images01.nicepagecdn.com/c461c07a441a5d220e8feb1a/fb39c5d463b058cf8160544f/126122.png","usages":["339906903"]},{"id":"user-image-pexels-photo-9821204.jpeg","publicUrl":"np://user.desktop.nicepage.com/Site_81612516/images/pexels-photo-9821204.jpeg","size":73144,"hash":"wQrfZP/vYLikJ50SW9ffjHK71K8=","fileName":"pexels-photo-9821204.jpeg","name":"pexels-photo-9821204","width":1000,"height":1500,"thumbnail":{"url":"np://user.desktop.nicepage.com/Site_81612516/images/thumbnails/pexels-photo-9821204.jpeg","width":167,"height":250},"folderId":null,"originalUrl":"//images01.nicepagecdn.com/a1389d7bc73adea1e1c1fb7e/502e4bcf1d4f579b94d1e793/pexels-photo-9821204.jpeg","usages":["339906903"]},{"id":"user-image-ghhhgh.jpg","publicUrl":"np://user.desktop.nicepage.com/Site_81612516/images/ghhhgh.jpg","size":72384,"hash":"xp71Hop0OPPqCF/eQUTTC9M5nH0=","fileName":"ghhhgh.jpg","name":"ghhhgh","width":840,"height":840,"thumbnail":{"url":"np://user.desktop.nicepage.com/Site_81612516/images/thumbnails/ghhhgh.jpg","width":250,"height":250},"folderId":null,"originalUrl":"//images01.nicepagecdn.com/c461c07a441a5d220e8feb1a/6b56a00b82cc5c16b4c3d419/ghhhgh.jpg","usages":["339906903"]},{"id":"user-image-logo-amazon1.svg","publicUrl":"np://user.desktop.nicepage.com/Site_81612516/images/logo-amazon1.svg","size":3828,"hash":"Zl8GugKEPb+YIM+FIaTCMYbcy2M=","fileName":"logo-amazon1.svg","name":"logo-amazon1","width":2500,"height":752,"thumbnail":{"url":"np://user.desktop.nicepage.com/Site_81612516/images/logo-amazon1.svg","width":250,"height":75},"folderId":null,"originalUrl":"//images01.nicepagecdn.com/c461c07a441a5d220e8feb1a/efde1b9a3ebd522fab3e8827/logo-amazon.svg","usages":["339906903"]},{"id":"user-image-02245cc6-f178-4c51-b367-21010cc622b7.jpeg","publicUrl":"np://user.desktop.nicepage.com/Site_81612516/images/02245cc6-f178-4c51-b367-21010cc622b7.jpeg","size":61568,"hash":"nZL8+pYdVsRYNrNXZsF/ylu763o=","fileName":"02245cc6-f178-4c51-b367-21010cc622b7.jpeg","name":"02245cc6-f178-4c51-b367-21010cc622b7","width":720,"height":1080,"thumbnail":{"url":"np://user.desktop.nicepage.com/Site_81612516/images/thumbnails/02245cc6-f178-4c51-b367-21010cc622b7.jpeg","width":167,"height":250},"folderId":null,"originalUrl":"//images01.nicepagecdn.com/a1389d7bc73adea1e1c1fb7e/3e1e946af3e55ee890c06a91/02245cc6-f178-4c51-b367-21010cc622b7.jpeg","usages":["339906903"]},{"id":"user-image-pexels-vladimir-konoplev-12088587.jpg","publicUrl":"np://user.desktop.nicepage.com/Site_81612516/images/pexels-vladimir-konoplev-12088587.jpg","size":93201,"hash":"5nkm1aasTpbWB6itlssSAXTlrDs=","fileName":"pexels-vladimir-konoplev-12088587.jpg","name":"pexels-vladimir-konoplev-12088587","width":724,"height":1080,"thumbnail":{"url":"np://user.desktop.nicepage.com/Site_81612516/images/thumbnails/pexels-vladimir-konoplev-12088587.jpg","width":168,"height":250},"folderId":null,"originalUrl":"//images01.nicepagecdn.com/a1389d7bc73adea1e1c1fb7e/001897d9812a55229f28f3d4/pexels-vladimir-konoplev-12088587.jpg","usages":["339906903"]},{"id":"user-image-fgfg4.jpg","publicUrl":"np://user.desktop.nicepage.com/Site_81612516/images/fgfg4.jpg","size":69595,"hash":"PauEo9IKcpPgIxz5wKV6D2GZMZs=","fileName":"fgfg4.jpg","name":"fgfg4","width":840,"height":840,"thumbnail":{"url":"np://user.desktop.nicepage.com/Site_81612516/images/thumbnails/fgfg4.jpg","width":250,"height":250},"folderId":null,"originalUrl":"//images01.nicepagecdn.com/c461c07a441a5d220e8feb1a/7554e3633f7a5ea2b2e6aabc/fgfg4.jpg","usages":["339906903"]},{"id":"user-image-Shopping_Concepts_10-min.jpg","publicUrl":"np://user.desktop.nicepage.com/Site_81612516/images/Shopping_Concepts_10-min.jpg","size":86788,"hash":"OtLbOgtI8TJKs6lwqjIkeJ/nXrs=","fileName":"Shopping_Concepts_10-min.jpg","name":"Shopping_Concepts_10-min","width":1496,"height":1080,"thumbnail":{"url":"np://user.desktop.nicepage.com/Site_81612516/images/thumbnails/Shopping_Concepts_10-min.jpg","width":250,"height":180},"folderId":null,"originalUrl":"//images01.nicepagecdn.com/c461c07a441a5d220e8feb1a/cd043894682a59b8b413f2a2/Shopping_Concepts_10-min.jpg","usages":["339906903"]},{"id":"user-image-bg.jpg","publicUrl":"np://user.desktop.nicepage.com/Site_81612516/images/bg.jpg","size":34513,"hash":"ItQSFe4E0jjCmpD5p5qKC1ZJ0Do=","fileName":"bg.jpg","name":"bg","width":1980,"height":1429,"thumbnail":{"url":"np://user.desktop.nicepage.com/Site_81612516/images/thumbnails/bg.jpg","width":250,"height":180},"folderId":null,"originalUrl":"//images01.nicepagecdn.com/c461c07a441a5d220e8feb1a/0f8d7ae096705518bcd9f749/bg.jpg","usages":["339906903"]},{"id":"user-image-111.jpg","publicUrl":"np://user.desktop.nicepage.com/Site_81612516/images/111.jpg","size":46444,"hash":"7L4aO4H+PzPsDAhtCbsdvebYoUQ=","fileName":"111.jpg","name":"111","width":840,"height":840,"thumbnail":{"url":"np://user.desktop.nicepage.com/Site_81612516/images/thumbnails/111.jpg","width":250,"height":250},"folderId":null,"originalUrl":"//images01.nicepagecdn.com/c461c07a441a5d220e8feb1a/e7f20076b6d058789b88577a/111.jpg","usages":["339906903"]},{"id":"user-image-5-min.png","publicUrl":"np://user.desktop.nicepage.com/Site_81612516/images/5-min.png","size":33927,"hash":"F0G6Fgb2mvRhGksKTjUDXLvnyFE=","fileName":"5-min.png","name":"5-min","width":1245,"height":607,"thumbnail":{"url":"np://user.desktop.nicepage.com/Site_81612516/images/thumbnails/5-min.png","width":250,"height":122},"folderId":null,"originalUrl":"//images01.nicepage.com/c461c07a441a5d220e8feb1a/8431f08dd9f65551b2b9fe58/5-min.png","usages":["72425295"]},{"id":"user-image--min.png","publicUrl":"np://user.desktop.nicepage.com/Site_81612516/images/-min.png","size":33055,"hash":"rbFREEP5tOLhvzMcWz+Rse9GFmw=","fileName":"-min.png","name":"-min","width":1245,"height":707,"thumbnail":{"url":"np://user.desktop.nicepage.com/Site_81612516/images/thumbnails/-min.png","width":250,"height":142},"folderId":null,"originalUrl":"//images01.nicepage.com/c461c07a441a5d220e8feb1a/71a8b66119c650fbbf7baf03/-min.png","usages":["72425295"]},{"id":"user-image-t.svg","publicUrl":"np://user.desktop.nicepage.com/Site_81612516/images/t.svg","size":5625,"hash":"sopTRGORpEux+QwJ8mSs/ROXZ70=","fileName":"t.svg","name":"t","width":2500,"height":509,"thumbnail":{"url":"np://user.desktop.nicepage.com/Site_81612516/images/t.svg","width":250,"height":51},"folderId":null,"originalUrl":"//images01.nicepage.com/c461c07a441a5d220e8feb1a/c55909f7b257529786abd0a8/t.svg","usages":["72425295"]},{"id":"user-image-medium-wordmark.svg","publicUrl":"np://user.desktop.nicepage.com/Site_81612516/images/medium-wordmark.svg","size":3029,"hash":"iXXVq1gmjZSnyzxlOqOq6hdDwQw=","fileName":"medium-wordmark.svg","name":"medium-wordmark","width":2500,"height":509,"thumbnail":{"url":"np://user.desktop.nicepage.com/Site_81612516/images/medium-wordmark.svg","width":250,"height":51},"folderId":null,"originalUrl":"//images01.nicepage.com/c461c07a441a5d220e8feb1a/7167938e992d596f9adec06f/medium-wordmark.svg","usages":["72425295"]},{"id":"user-image-bergners-1.svg","publicUrl":"np://user.desktop.nicepage.com/Site_81612516/images/bergners-1.svg","size":2191,"hash":"Wb5GG83Y1uw8BIvR0kDV/fpl0oo=","fileName":"bergners-1.svg","name":"bergners-1","width":2500,"height":745,"thumbnail":{"url":"np://user.desktop.nicepage.com/Site_81612516/images/bergners-1.svg","width":250,"height":75},"folderId":null,"originalUrl":"//images01.nicepage.com/c461c07a441a5d220e8feb1a/00f68fef8ce55d0e8e28d3cf/bergners-1.svg","usages":["72425295"]},{"id":"user-image-asos-1.svg","publicUrl":"np://user.desktop.nicepage.com/Site_81612516/images/asos-1.svg","size":2912,"hash":"qvbCk8rNdoxmHWAmf3B50tC4zr8=","fileName":"asos-1.svg","name":"asos-1","width":2500,"height":727,"thumbnail":{"url":"np://user.desktop.nicepage.com/Site_81612516/images/asos-1.svg","width":250,"height":73},"folderId":null,"originalUrl":"//images01.nicepage.com/c461c07a441a5d220e8feb1a/0497d31bf88a5c2aba703f01/asos-1.svg","usages":["72425295","339906903"]},{"id":"user-image-crocs-wordmark.svg","publicUrl":"np://user.desktop.nicepage.com/Site_81612516/images/crocs-wordmark.svg","size":5695,"hash":"3++tvT+uucpuauaGs4laz3shenI=","fileName":"crocs-wordmark.svg","name":"crocs-wordmark","width":2500,"height":540,"thumbnail":{"url":"np://user.desktop.nicepage.com/Site_81612516/images/crocs-wordmark.svg","width":250,"height":54},"folderId":null,"originalUrl":"//images01.nicepage.com/c461c07a441a5d220e8feb1a/ad49a007b134537684c73513/crocs-wordmark.svg","usages":["72425295","339906903"]},{"id":"user-image-tesla-9.svg","publicUrl":"np://user.desktop.nicepage.com/Site_81612516/images/tesla-9.svg","size":1275,"hash":"ozx4T4aGyP6aT/x5InchzuwiUEk=","fileName":"tesla-9.svg","name":"tesla-9","width":2500,"height":326,"thumbnail":{"url":"np://user.desktop.nicepage.com/Site_81612516/images/tesla-9.svg","width":250,"height":33},"folderId":null,"originalUrl":"//images01.nicepage.com/c461c07a441a5d220e8feb1a/b88bf2b6798c5483a79b3bc6/tesla-9.svg","usages":["72425295","339906903"]},{"id":"user-image-sony-logo.svg","publicUrl":"np://user.desktop.nicepage.com/Site_81612516/images/sony-logo.svg","size":2770,"hash":"mI6WpsDJYEehTZQ6Yp8k4pkQ8uQ=","fileName":"sony-logo.svg","name":"sony-logo","width":2500,"height":448,"thumbnail":{"url":"np://user.desktop.nicepage.com/Site_81612516/images/sony-logo.svg","width":250,"height":45},"folderId":null,"originalUrl":"//images01.nicepage.com/c461c07a441a5d220e8feb1a/fd4ece42119f51ca87c2bbeb/sony-logo.svg","usages":["72425295","339906903"]},{"id":"user-image-evga.svg","publicUrl":"np://user.desktop.nicepage.com/Site_81612516/images/evga.svg","size":2836,"hash":"/LscUJbIrC/kB1s5L+t7IP0iX00=","fileName":"evga.svg","name":"evga","width":2500,"height":523,"thumbnail":{"url":"np://user.desktop.nicepage.com/Site_81612516/images/evga.svg","width":250,"height":52},"folderId":null,"originalUrl":"//images01.nicepage.com/c461c07a441a5d220e8feb1a/16dceaaca47153d9b01ce7f6/evga.svg","usages":["72425295","339906903"]},{"id":"user-image-1.svg","publicUrl":"np://user.desktop.nicepage.com/Site_81612516/images/1.svg","size":6556,"hash":"gOVawoWNDddm+stQNlD/SJPlGPY=","fileName":"1.svg","name":"1","width":2500,"height":752,"thumbnail":{"url":"np://user.desktop.nicepage.com/Site_81612516/images/1.svg","width":250,"height":75},"folderId":null,"originalUrl":"//images01.nicepage.com/c461c07a441a5d220e8feb1a/d31506595cff5d9f89d800f7/1.svg","usages":["72425295","339906903"]},{"id":"user-image-6c7decbc-d9d3-4316-5906-19d76e6c84f3.png","publicUrl":"np://user.desktop.nicepage.com/Site_81612516/images/6c7decbc-d9d3-4316-5906-19d76e6c84f3.png","size":55644,"hash":"cUKgb2DN11g1tyxeSX0J5DHoATg=","fileName":"6c7decbc-d9d3-4316-5906-19d76e6c84f3.png","name":"6c7decbc-d9d3-4316-5906-19d76e6c84f3","width":700,"height":500,"thumbnail":{"url":"np://user.desktop.nicepage.com/Site_81612516/images/thumbnails/6c7decbc-d9d3-4316-5906-19d76e6c84f3.png","width":250,"height":179},"folderId":null,"originalUrl":"//images01.nicepage.com/c461c07a441a5d220e8feb1a/2c5b8c41c0f25bebb2b448b9/6c7decbc-d9d3-4316-5906-19d76e6c84f3.png","usages":["72425295"]},{"id":"user-image-logo-amazon.svg","publicUrl":"np://user.desktop.nicepage.com/Site_81612516/images/logo-amazon.svg","size":5034,"hash":"ptWEXIE/HFb2BKd7aJFy16qe/To=","fileName":"logo-amazon.svg","name":"logo-amazon","width":2500,"height":752,"thumbnail":{"url":"np://user.desktop.nicepage.com/Site_81612516/images/logo-amazon.svg","width":250,"height":75},"folderId":null,"originalUrl":"//images01.nicepage.com/c461c07a441a5d220e8feb1a/6e6414551ba057cda3373ae6/logo-amazon.svg","usages":["72425295","339906903"]},{"id":"user-image-11.png","publicUrl":"np://user.desktop.nicepage.com/Site_81612516/images/11.png","size":66421,"hash":"yeUMnNRUCZmcPnEMvTpvXgYGmT4=","fileName":"11.png","name":"11","width":700,"height":500,"thumbnail":{"url":"np://user.desktop.nicepage.com/Site_81612516/images/thumbnails/11.png","width":250,"height":179},"folderId":null,"originalUrl":"//images01.nicepage.com/c461c07a441a5d220e8feb1a/853d29c8326a5a248002b97d/11.png","usages":["72425295"]},{"id":"user-image-2.png","publicUrl":"np://user.desktop.nicepage.com/Site_81612516/images/2.png","size":72858,"hash":"IujhlFRAiHbGcNX5v9SEewgx23E=","fileName":"2.png","name":"2","width":700,"height":500,"thumbnail":{"url":"np://user.desktop.nicepage.com/Site_81612516/images/thumbnails/2.png","width":250,"height":179},"folderId":null,"originalUrl":"//images01.nicepage.com/c461c07a441a5d220e8feb1a/f12ee1fbc03954aeaa0596da/2.png","usages":["72425295"]},{"id":"user-image-14-min.png","publicUrl":"np://user.desktop.nicepage.com/Site_81612516/images/14-min.png","size":97433,"hash":"8HS9p4XqeTOXmPwu37ExQwUfBLY=","fileName":"14-min.png","name":"14-min","width":2941,"height":1576,"thumbnail":{"url":"np://user.desktop.nicepage.com/Site_81612516/images/thumbnails/14-min.png","width":250,"height":134},"folderId":null,"originalUrl":"//images01.nicepage.com/c461c07a441a5d220e8feb1a/6a080aa23b965df1aef8a5f8/14-min.png","usages":["72425295"]}]