[{"id":820110755,"title":"Blog Template","order":1,"templateKey":"blog","customTemplate":false,"customTemplateFilename":null,"pageLinks":[],"dateCreated":"2024-04-03T16:58:16.677Z","dateUpdated":"2024-04-03T16:58:18.452Z","folderId":null,"pageName":"Blog Template","serverPageId":null,"sectionCount":1,"status":2,"backwardUrl":null},{"id":204031589,"title":"Post Template","order":2,"templateKey":"post","customTemplate":false,"customTemplateFilename":null,"pageLinks":[],"dateCreated":"2024-04-03T16:58:16.854Z","dateUpdated":"2024-04-03T16:58:18.452Z","folderId":null,"pageName":"Post Template","serverPageId":null,"sectionCount":1,"status":2,"backwardUrl":null},{"id":253818454,"title":"Product List Template","order":3,"templateKey":"products","customTemplate":false,"customTemplateFilename":null,"pageLinks":[],"dateCreated":"2024-04-03T16:58:17.029Z","dateUpdated":"2024-04-03T16:58:18.452Z","folderId":null,"pageName":"Product List Template","serverPageId":null,"sectionCount":1,"status":2,"backwardUrl":null},{"id":639817445,"title":"Product Details Template","order":4,"templateKey":"product","customTemplate":false,"customTemplateFilename":null,"pageLinks":[],"dateCreated":"2024-04-03T16:58:17.230Z","dateUpdated":"2024-04-03T16:58:18.452Z","folderId":null,"pageName":"Product Details Template","serverPageId":null,"sectionCount":1,"status":2,"backwardUrl":null},{"id":911302561,"title":"Shopping Cart Template","order":5,"templateKey":"cart","customTemplate":false,"customTemplateFilename":null,"pageLinks":[],"dateCreated":"2024-04-03T16:58:17.388Z","dateUpdated":"2024-04-03T16:58:18.452Z","folderId":null,"pageName":"Shopping Cart Template","serverPageId":null,"sectionCount":1,"status":2,"backwardUrl":null},{"id":89654899,"title":"Checkout Template","order":6,"templateKey":"checkout","customTemplate":false,"customTemplateFilename":null,"pageLinks":[],"dateCreated":"2024-04-03T16:58:17.606Z","dateUpdated":"2024-04-03T16:58:18.453Z","folderId":null,"pageName":"Checkout Template","serverPageId":null,"sectionCount":1,"status":2,"backwardUrl":null},{"id":2018227597,"title":"Login Template","order":7,"templateKey":"login","customTemplate":false,"customTemplateFilename":null,"pageLinks":[],"dateCreated":"2024-04-03T16:58:17.732Z","dateUpdated":"2024-04-03T16:58:18.453Z","folderId":null,"pageName":"Login Template","serverPageId":null,"sectionCount":1,"status":2,"backwardUrl":null},{"id":67236427,"title":"Page Password Template","order":8,"templateKey":"password","customTemplate":false,"customTemplateFilename":null,"pageLinks":[],"dateCreated":"2024-04-03T16:58:17.827Z","dateUpdated":"2024-04-03T16:58:18.453Z","folderId":null,"pageName":"Page Password Template","serverPageId":null,"sectionCount":1,"status":2,"backwardUrl":null},{"id":198704820,"title":"404 Not Found Template","order":9,"templateKey":"404","customTemplate":false,"customTemplateFilename":null,"pageLinks":[],"dateCreated":"2024-04-03T16:58:17.924Z","dateUpdated":"2024-04-03T16:58:18.453Z","folderId":null,"pageName":"404 Not Found Template","serverPageId":null,"sectionCount":1,"status":2,"backwardUrl":null},{"id":1791826604,"title":"Thank You Page Template","order":10,"templateKey":"ThankYou","customTemplate":false,"customTemplateFilename":null,"pageLinks":[],"dateCreated":"2024-04-03T16:58:18.001Z","dateUpdated":"2024-04-03T16:58:18.453Z","folderId":null,"pageName":"Thank You Page Template","serverPageId":null,"sectionCount":1,"status":2,"backwardUrl":null},{"id":72425295,"title":"Home","order":50,"templateKey":null,"customTemplate":false,"customTemplateFilename":null,"pageLinks":[],"dateCreated":"2024-04-03T16:59:26.686Z","dateUpdated":"2024-04-03T23:21:29.818Z","folderId":null,"pageName":"Home_72425295","serverPageId":null,"sectionCount":8,"status":2,"backwardUrl":null},{"id":678400332,"title":"About","order":100,"templateKey":null,"customTemplate":false,"customTemplateFilename":null,"pageLinks":[],"dateCreated":"2024-04-03T16:58:18.058Z","dateUpdated":"2024-04-03T16:58:18.453Z","folderId":null,"pageName":"About_678400332","serverPageId":null,"sectionCount":1,"status":2,"backwardUrl":null},{"id":63252757,"title":"Contact","order":101,"templateKey":null,"customTemplate":false,"customTemplateFilename":null,"pageLinks":[],"dateCreated":"2024-04-03T16:58:18.109Z","dateUpdated":"2024-04-03T16:58:18.453Z","folderId":null,"pageName":"Contact_63252757","serverPageId":null,"sectionCount":1,"status":2,"backwardUrl":null},{"id":118910873,"title":"Page 1","order":102,"templateKey":null,"customTemplate":false,"customTemplateFilename":null,"pageLinks":[],"dateCreated":"2024-04-03T21:08:30.945Z","dateUpdated":"2024-04-03T21:08:31.125Z","folderId":null,"pageName":"Page 1_118910873","serverPageId":null,"sectionCount":1,"status":2,"backwardUrl":null},{"id":235797330,"title":"Page 2","order":103,"templateKey":null,"customTemplate":false,"customTemplateFilename":null,"pageLinks":[],"dateCreated":"2024-04-03T21:09:05.937Z","dateUpdated":"2024-04-03T23:13:12.519Z","folderId":null,"pageName":"Page 2_235797330","serverPageId":null,"status":2,"backwardUrl":null},{"id":339906903,"title":"Page 3","order":104,"templateKey":null,"customTemplate":false,"customTemplateFilename":null,"pageLinks":[],"dateCreated":"2024-04-03T23:13:28.687Z","dateUpdated":"2024-04-03T23:13:51.057Z","folderId":null,"pageName":"Page 3_339906903","serverPageId":null,"sectionCount":11,"status":2,"backwardUrl":null}]